,city,date,hashtag,count,mean,neg,neg%
546,Adelaide,01, southaustralia,109,0.13308289315170066,7.0,0.06422018348623854
91,Adelaide,01, breaking,103,0.13387025595763477,0.0,0.0
134,Adelaide,01, covid19,97,0.07700662739322534,26.0,0.26804123711340205
407,Adelaide,01, mixervirtualconcert,89,0.07682584269662916,50.0,0.5617977528089888
48,Adelaide,01, apexlegends,63,0.3873015873015869,0.0,0.0
360,Adelaide,01, loba,59,0.3999999999999997,0.0,0.0
20,Adelaide,01, adelaide,52,0.10430349164724163,16.0,0.3076923076923077
57,Adelaide,01, auspol,42,0.12090012368583804,3.0,0.07142857142857142
129,Adelaide,01, coronavirus,41,0.09769757681343053,11.0,0.2682926829268293
12,Adelaide,01, 9news,37,0.031933865683865664,8.0,0.21621621621621623
726,Adelaide,02, apexlegends,146,0.4823630136986301,1.0,0.00684931506849315
1019,Adelaide,02, loba,136,0.4985294117647059,0.0,0.0
703,Adelaide,02, 9news,60,0.06424783549783555,1.0,0.016666666666666666
1248,Adelaide,02, smackdown,41,0.5616361788617883,2.0,0.04878048780487805
813,Adelaide,02, covid19,35,0.12613095238095237,3.0,0.08571428571428572
1370,Adelaide,02, wine,29,0.06635318704284225,0.0,0.0
701,Adelaide,02, 6fanarts,28,0.18068452380952385,0.0,0.0
708,Adelaide,02, adelaide,26,0.20349456099456098,5.0,0.19230769230769232
1319,Adelaide,02, travel,25,0.05123232323232324,1.0,0.04
828,Adelaide,02, dailyglobalsermon,24,0.2119791666666667,4.0,0.16666666666666666
1494,Adelaide,03, breaking,117,0.3197358197358201,34.0,0.2905982905982906
1962,Adelaide,03, southaustralia,98,0.42228664192949944,1.0,0.01020408163265306
1490,Adelaide,03, bokunoheroacademia,75,0.2995833333333333,0.0,0.0
1878,Adelaide,03, presentmic,74,0.296875,0.0,0.0
2048,Adelaide,03, voicehero,74,0.296875,0.0,0.0
1444,Adelaide,03, apexlegends,45,0.4606172839506173,2.0,0.044444444444444446
1408,Adelaide,03, 9news,44,-0.01167355371900825,38.0,0.8636363636363636
1540,Adelaide,03, covid19,40,0.0358015422077922,5.0,0.125
1752,Adelaide,03, loba,40,0.5,0.0,0.0
1412,Adelaide,03, adelaide,38,0.21194477671451353,7.0,0.18421052631578946
2143,Adelaide,04, apexlegends,287,0.131794425087108,0.0,0.0
2433,Adelaide,04, loba,287,0.131794425087108,0.0,0.0
2194,Adelaide,04, breaking,121,0.0685233881514875,3.0,0.024793388429752067
2454,Adelaide,04, maythe4th,111,0.07634976697476709,3.0,0.02702702702702703
2565,Adelaide,04, qanda,111,0.030363480363480275,3.0,0.02702702702702703
2622,Adelaide,04, southaustralia,105,0.08221801346801366,0.0,0.0
2233,Adelaide,04, covid_19,93,0.04426523297491038,1.0,0.010752688172043012
2227,Adelaide,04, covid19,77,0.09140802739828718,25.0,0.3246753246753247
2246,Adelaide,04, culture,76,0.6039473684210526,0.0,0.0
2438,Adelaide,04, love,67,0.47947761194029853,0.0,0.0
2807,Adelaide,05, apexlegends,141,0.1276595744680851,0.0,0.0
3113,Adelaide,05, loba,141,0.1276595744680851,0.0,0.0
2915,Adelaide,05, covidー19,124,0.1736055107526881,0.0,0.0
3336,Adelaide,05, southaustralia,117,0.1851193559526892,3.0,0.02564102564102564
2848,Adelaide,05, breaking,112,0.16603760822510824,9.0,0.08035714285714286
2905,Adelaide,05, covid19,84,0.13509499759499763,8.0,0.09523809523809523
3256,Adelaide,05, qanda,55,0.027083333333333345,0.0,0.0
2783,Adelaide,05, adelaide,41,0.17685996140264432,13.0,0.3170731707317073
2825,Adelaide,05, auspol,35,0.0708174860853432,9.0,0.2571428571428571
2777,Adelaide,05, 9news,32,-0.00014717487373737403,12.0,0.375
3774,Adelaide,06, impostersyndrome,225,0.19418350168350162,0.0,0.0
3632,Adelaide,06, covid19,170,0.09116798234445311,12.0,0.07058823529411765
4039,Adelaide,06, southaustralia,121,0.0742580766341097,2.0,0.01652892561983471
3571,Adelaide,06, breaking,108,0.04815165544332217,0.0,0.0
3715,Adelaide,06, foi,103,-0.06666666666666662,103.0,1.0
3643,Adelaide,06, covidー19,102,0.04419934640522883,0.0,0.0
3491,Adelaide,06, adelaide,67,0.13672426108993269,6.0,0.08955223880597014
3628,Adelaide,06, coronavirus,66,0.06754489337822672,18.0,0.2727272727272727
3482,Adelaide,06, 9news,59,0.1253925453077995,3.0,0.05084745762711865
3473,Adelaide,06, 10newsfirst,45,0.07801346801346805,0.0,0.0
4240,Adelaide,07, apexlegends,193,-0.021280532938564,178.0,0.9222797927461139
4862,Adelaide,07, wattson,178,-0.03571428571428564,178.0,1.0
4329,Adelaide,07, covid19,151,0.15856501390441796,5.0,0.033112582781456956
4756,Adelaide,07, southaustralia,90,0.06750408850408866,1.0,0.011111111111111112
4487,Adelaide,07, impostersyndrome,87,0.17608847091605714,2.0,0.022988505747126436
4212,Adelaide,07, adelaide,66,0.2503267250426342,12.0,0.18181818181818182
4282,Adelaide,07, breaking,48,0.15521622474747476,1.0,0.020833333333333332
4310,Adelaide,07, cleantech,44,0.05,0.0,0.0
4698,Adelaide,07, renewables,43,0.05000000000000001,0.0,0.0
4538,Adelaide,07, live,28,0.0797483766233766,0.0,0.0
5031,Adelaide,08, covid,105,0.3742857142857143,0.0,0.0
5032,Adelaide,08, covid19,94,0.11144711310363327,21.0,0.22340425531914893
5225,Adelaide,08, lmtv,65,-0.07211538461538461,27.0,0.4153846153846154
4930,Adelaide,08, apexlegends,57,-0.004991645781119467,49.0,0.8596491228070176
5172,Adelaide,08, impostersyndrome,54,-0.10444958847736625,42.0,0.7777777777777778
5522,Adelaide,08, wattson,49,-0.041520894071914505,49.0,1.0
5014,Adelaide,08, cleantech,46,0.049999999999999996,0.0,0.0
5364,Adelaide,08, renewables,46,0.049999999999999996,0.0,0.0
5323,Adelaide,08, phdchat,43,-0.18372093023255814,42.0,0.9767441860465116
5081,Adelaide,08, ecrchat,42,-0.19047619047619047,42.0,1.0
6052,Adelaide,09, sloganbogan,46,-0.7142857142857145,46.0,1.0
5706,Adelaide,09, covid19,34,0.10769644979203799,8.0,0.23529411764705882
5696,Adelaide,09, coronavirus,23,0.15056543697848046,4.0,0.17391304347826086
5570,Adelaide,09, 9news,21,0.02745310245310246,12.0,0.5714285714285714
5767,Adelaide,09, farscapenow,20,0.04818885281385282,9.0,0.45
5578,Adelaide,09, adelaide,18,0.23230699855699857,4.0,0.2222222222222222
5918,Adelaide,09, mitb,18,0.12373737373737373,0.0,0.0
5931,Adelaide,09, mothersday,16,0.4051764455782313,2.0,0.125
6069,Adelaide,09, southaustralia,15,0.1658754208754209,3.0,0.2
5643,Adelaide,09, breaking,13,-0.003671328671328664,11.0,0.8461538461538461
6534,Adelaide,10, mothersday,65,0.4379944542636852,6.0,0.09230769230769231
6308,Adelaide,10, covid19,62,0.1086911356266195,12.0,0.1935483870967742
6685,Adelaide,10, sloganbogan,51,-0.7142857142857146,51.0,1.0
6764,Adelaide,10, ufc249,50,0.11871316858597131,17.0,0.34
6201,Adelaide,10, adelaide,41,0.2812041143138705,4.0,0.0975609756097561
6240,Adelaide,10, auspol,29,0.5201867816091952,1.0,0.034482758620689655
6521,Adelaide,10, mitb,23,0.1637987012987013,6.0,0.2608695652173913
6192,Adelaide,10, 8yrsofgabbarsinghhysteria,19,0.34999999999999987,0.0,0.0
6420,Adelaide,10, happymothersday,18,0.3070436507936508,5.0,0.2777777777777778
6583,Adelaide,10, pangarinda,17,0.14313725490196075,0.0,0.0
7311,Adelaide,11, researchresources,138,0.19534219001610295,0.0,0.0
7149,Adelaide,11, jesytaughtme,108,0.30416666666666664,0.0,0.0
7189,Adelaide,11, mediawatch,91,0.15833333333333324,0.0,0.0
6960,Adelaide,11, covid19,61,0.08347284318595795,29.0,0.47540983606557374
6834,Adelaide,11, adelaide,43,0.1234755081266709,10.0,0.23255813953488372
7198,Adelaide,11, mitb,39,0.2576681420431421,11.0,0.28205128205128205
7332,Adelaide,11, scottmorrison,33,-0.09393939393939399,32.0,0.9696969696969697
6984,Adelaide,11, datascience,31,-0.25,31.0,1.0
7223,Adelaide,11, networks,31,-0.25,31.0,1.0
6876,Adelaide,11, auspol,27,0.14189508622378993,10.0,0.37037037037037035
8238,Adelaide,12, writingresources,121,0.39999999999999913,0.0,0.0
7528,Adelaide,12, adelaide,68,0.1382393923478482,24.0,0.35294117647058826
7644,Adelaide,12, covid19,62,0.11312252711446263,18.0,0.2903225806451613
8021,Adelaide,12, researchresources,50,0.1358222222222223,0.0,0.0
7610,Adelaide,12, catsoftwitter,38,0.14393405388471173,1.0,0.02631578947368421
8136,Adelaide,12, tabbytroop,38,0.14393405388471173,1.0,0.02631578947368421
8135,Adelaide,12, tabbycat,37,0.14993564993564987,0.0,0.0
7874,Adelaide,12, mediawatch,28,0.1583333333333333,0.0,0.0
7974,Adelaide,12, planyourphd,25,0.20000000000000007,0.0,0.0
8233,Adelaide,12, womeninmaths,24,0.621412037037037,1.0,0.041666666666666664
8313,Adelaide,13, auspol,94,0.0895507602621964,29.0,0.30851063829787234
8396,Adelaide,13, covid19,80,0.12459674873737384,6.0,0.075
8270,Adelaide,13, adelaide,68,0.1711377960275019,13.0,0.19117647058823528
8571,Adelaide,13, im_iron_man,44,0.13341937418641958,14.0,0.3181818181818182
8988,Adelaide,13, wine,40,0.16194940476190492,0.0,0.0
8284,Adelaide,13, afp,33,0.057070707070707105,0.0,0.0
8339,Adelaide,13, blender3d,33,0.1629247015610652,0.0,0.0
8644,Adelaide,13, lowpoly,33,0.1629247015610652,0.0,0.0
8254,Adelaide,13, 256fes,32,0.16666666666666669,0.0,0.0
8632,Adelaide,13, lnp,32,0.03593750000000003,1.0,0.03125
9156,Adelaide,14, covid19,215,0.03996675224000785,154.0,0.7162790697674418
9027,Adelaide,14, 7phdsecrets,81,-0.17366255144032902,81.0,1.0
9079,Adelaide,14, auspol,52,0.12444534632034632,11.0,0.21153846153846154
9039,Adelaide,14, adelaide,45,0.0344088504088504,22.0,0.4888888888888889
9735,Adelaide,14, wine,40,0.14522321428571433,1.0,0.025
9495,Adelaide,14, phdsupervisors,39,0.02801519468186135,0.0,0.0
9028,Adelaide,14, 9news,28,0.04948206555349412,11.0,0.39285714285714285
9251,Adelaide,14, food,26,0.14166666666666666,0.0,0.0
9107,Adelaide,14, breaking,25,0.10939393939393945,0.0,0.0
9503,Adelaide,14, pizza,25,0.13333333333333333,0.0,0.0
9892,Adelaide,15, covid19,286,0.04304844461094469,175.0,0.6118881118881119
10333,Adelaide,15, southaustralia,157,-0.009552506554397471,111.0,0.7070063694267515
9843,Adelaide,15, breaking,84,0.06586174242424245,18.0,0.21428571428571427
10016,Adelaide,15, globalfridayservice,39,0.23896998834498845,12.0,0.3076923076923077
9777,Adelaide,15, adelaide,35,0.11928066378066383,7.0,0.2
9810,Adelaide,15, auspol,35,-0.09676767676767677,26.0,0.7428571428571429
9888,Adelaide,15, coronavirus,33,0.12853152739516377,7.0,0.21212121212121213
10428,Adelaide,15, wine,29,0.17298337438423647,0.0,0.0
10112,Adelaide,15, lunch,27,0.16666666666666663,0.0,0.0
10361,Adelaide,15, switzerland,27,0.16666666666666663,0.0,0.0
10455,Adelaide,30, abcnews,2,0.09307359307359307,0.0,0.0
10465,Adelaide,30, covid19,2,0.09307359307359307,0.0,0.0
10456,Adelaide,30, activision,1,0.125,0.0,0.0
10457,Adelaide,30, afterlife,1,0.45,0.0,0.0
10458,Adelaide,30, art,1,-0.5,1.0,1.0
10459,Adelaide,30, artist,1,-0.5,1.0,1.0
10460,Adelaide,30, artwork,1,-0.5,1.0,1.0
10461,Adelaide,30, assassinscreedvalhalla,1,-0.23333333333333336,1.0,1.0
10462,Adelaide,30, auspol,1,0.7,0.0,0.0
10463,Adelaide,30, callofduty,1,0.125,0.0,0.0
10499,Brisbane,01, auspol,51,0.17110990860990863,24.0,0.47058823529411764
10801,Brisbane,01, rubydutton,38,-0.1324013157894737,32.0,0.8421052631578947
10635,Brisbane,01, goodomens,24,0.5,0.0,0.0
10636,Brisbane,01, goodomens30,24,0.5,0.0,0.0
10521,Brisbane,01, blog,17,-0.007174688057040997,8.0,0.47058823529411764
10578,Brisbane,01, day30,17,0.125,0.0,0.0
10790,Brisbane,01, refugees,17,0.125,0.0,0.0
10900,Brisbane,01, week3,17,0.125,0.0,0.0
10787,Brisbane,01, quote,16,0.20234296085858586,5.0,0.3125
10657,Brisbane,01, ibooks,15,0.17777777777777778,7.0,0.4666666666666667
11007,Brisbane,02, auspol,112,-0.0020802948704734515,52.0,0.4642857142857143
11825,Brisbane,02, rubydutton,99,-0.230050505050505,97.0,0.9797979797979798
11192,Brisbane,02, covid_19,58,0.11311265362989516,1.0,0.017241379310344827
11474,Brisbane,02, intheend,57,0.125,0.0,0.0
11521,Brisbane,02, kindle,54,0.20004467754467756,14.0,0.25925925925925924
11853,Brisbane,02, screenshotsaturday,54,-0.1565843621399177,49.0,0.9074074074074074
11070,Brisbane,02, blog,53,-0.013836477987421379,35.0,0.660377358490566
11279,Brisbane,02, ebook,52,-0.042948717948717914,34.0,0.6538461538461539
11198,Brisbane,02, covidsafe,51,0.23270697167756002,10.0,0.19607843137254902
11362,Brisbane,02, gamedev,48,-0.1875,48.0,1.0
12236,Brisbane,03, auspol,219,0.009302664610883818,98.0,0.4474885844748858
12402,Brisbane,03, covid19,96,0.19960214120370376,7.0,0.07291666666666667
12730,Brisbane,03, kindle,75,0.21235395715395722,13.0,0.17333333333333334
12798,Brisbane,03, masterchefau,75,0.0640342555592556,26.0,0.3466666666666667
12493,Brisbane,03, ebook,70,0.06404761904761909,33.0,0.4714285714285714
12168,Brisbane,03, 60mins,58,0.2719827586206899,0.0,0.0
12393,Brisbane,03, coronavirus,58,0.20099709378265407,23.0,0.39655172413793105
12243,Brisbane,03, australia,55,0.1453351698806245,2.0,0.03636363636363636
13063,Brisbane,03, schoolsreopening,54,0.10454545454545451,0.0,0.0
12895,Brisbane,03, ns10v10,48,0.027560763888888895,23.0,0.4791666666666667
14085,Brisbane,04, maga,167,0.4979041916167665,0.0,0.0
14002,Brisbane,04, kag,166,0.5,0.0,0.0
13470,Brisbane,04, auspol,121,0.06999443470517845,65.0,0.5371900826446281
13671,Brisbane,04, covid19,85,0.26132026143790865,5.0,0.058823529411764705
13461,Brisbane,04, asmsg,82,0.03884541271736394,41.0,0.5
14010,Brisbane,04, kindle,77,0.2257243946529661,17.0,0.22077922077922077
13526,Brisbane,04, blog,74,-0.01505869505869508,45.0,0.6081081081081081
13933,Brisbane,04, iartg,72,0.01134919478669479,39.0,0.5416666666666666
14077,Brisbane,04, love,61,0.3905530717006125,0.0,0.0
13695,Brisbane,04, culture,58,0.5982758620689655,0.0,0.0
14798,Brisbane,05, auspol,122,0.044793219076005975,66.0,0.5409836065573771
16045,Brisbane,05, writingcommunity,115,0.7380711462450593,0.0,0.0
14783,Brisbane,05, asmsg,98,0.066744964219454,39.0,0.3979591836734694
14984,Brisbane,05, covid19,88,0.17119123458612093,6.0,0.06818181818181818
15335,Brisbane,05, kindle,87,0.12974685276409417,22.0,0.25287356321839083
15259,Brisbane,05, iartg,85,0.08417226890756302,33.0,0.38823529411764707
15258,Brisbane,05, ian1,70,0.026376623376623366,28.0,0.4
15090,Brisbane,05, ebook,68,-0.04549019607843136,37.0,0.5441176470588235
15804,Brisbane,05, spub,66,0.025974845861209492,30.0,0.45454545454545453
15424,Brisbane,05, masterchefau,57,0.14492318232449816,12.0,0.21052631578947367
16179,Brisbane,06, auspol,153,0.13688501494874086,66.0,0.43137254901960786
16375,Brisbane,06, covid19,150,0.07875266955266957,34.0,0.22666666666666666
16164,Brisbane,06, asmsg,106,-0.09381687494895037,64.0,0.6037735849056604
16768,Brisbane,06, kindle,93,-0.03843736908253038,41.0,0.44086021505376344
16396,Brisbane,06, criticalrolefanart,91,0.2562500000000003,0.0,0.0
16859,Brisbane,06, mermay,91,0.2562500000000003,0.0,0.0
16704,Brisbane,06, iartg,88,-0.10606368063754425,56.0,0.6363636363636364
16703,Brisbane,06, ian1,82,-0.10385057016154581,49.0,0.5975609756097561
17245,Brisbane,06, spub,78,-0.17705974580974576,53.0,0.6794871794871795
16752,Brisbane,06, jobkeeper,61,-0.025683060109289592,56.0,0.9180327868852459
17599,Brisbane,07, asmsg,127,0.004720142062661746,67.0,0.5275590551181102
18117,Brisbane,07, iartg,108,-0.023076005784339125,63.0,0.5833333333333334
17815,Brisbane,07, covid19,100,0.10426641414141415,21.0,0.21
17678,Brisbane,07, blog,99,0.04708612094975731,53.0,0.5353535353535354
18116,Brisbane,07, ian1,94,-0.05273694390715667,54.0,0.574468085106383
18202,Brisbane,07, kindle,82,0.10619257774745579,29.0,0.35365853658536583
17615,Brisbane,07, auspol,81,0.11254395253237848,27.0,0.3333333333333333
18673,Brisbane,07, spub,80,-0.05116586538461539,47.0,0.5875
17620,Brisbane,07, australia,72,0.391645622895623,1.0,0.013888888888888888
17914,Brisbane,07, ebook,63,-0.11727066584209442,45.0,0.7142857142857143
19052,Brisbane,08, bluey,185,0.05500000000000004,2.0,0.010810810810810811
19365,Brisbane,08, insiders,105,-0.3999999999999992,105.0,1.0
19683,Brisbane,08, rubyprincess,99,0.17965367965367965,0.0,0.0
19477,Brisbane,08, meeanjin,76,0.1975470273398933,16.0,0.21052631578947367
18994,Brisbane,08, asmsg,69,-0.04238934978065415,36.0,0.5217391304347826
19005,Brisbane,08, auspol,68,0.10949426645658271,8.0,0.11764705882352941
19349,Brisbane,08, iartg,62,-0.04905696454083551,34.0,0.5483870967741935
19129,Brisbane,08, covid19,59,0.2200453689436741,5.0,0.0847457627118644
19348,Brisbane,08, ian1,59,-0.07812678846577152,33.0,0.559322033898305
19134,Brisbane,08, covid_19,48,-0.3531250000000001,29.0,0.6041666666666666
19960,Brisbane,09, asmsg,84,0.0982570603999175,34.0,0.40476190476190477
19970,Brisbane,09, auspol,81,0.03322236919459143,17.0,0.20987654320987653
20283,Brisbane,09, iartg,71,0.10398253155295409,31.0,0.43661971830985913
20282,Brisbane,09, ian1,65,0.0841986346986347,27.0,0.4153846153846154
20668,Brisbane,09, spub,56,0.0642383658008658,29.0,0.5178571428571429
20327,Brisbane,09, kindle,55,0.17843112947658404,15.0,0.2727272727272727
20051,Brisbane,09, chinavirus,53,0.6499999999999994,0.0,0.0
20287,Brisbane,09, ibooks,45,0.29815055315055317,10.0,0.2222222222222222
20422,Brisbane,09, mothersday,38,0.4696419247523571,1.0,0.02631578947368421
20155,Brisbane,09, ebook,36,-0.21777777777777776,33.0,0.9166666666666666
20956,Brisbane,10, bluey,701,0.4936162624821684,1.0,0.0014265335235378032
21067,Brisbane,10, covid19,136,0.1748923054070113,19.0,0.13970588235294118
20895,Brisbane,10, asmsg,111,0.030532928032928047,45.0,0.40540540540540543
21897,Brisbane,10, ufc249,98,0.03661284860264453,41.0,0.41836734693877553
21293,Brisbane,10, iartg,97,0.004296974503160074,44.0,0.4536082474226804
21352,Brisbane,10, kindle,91,0.05036783729091422,27.0,0.2967032967032967
20850,Brisbane,10, acnh,89,0.46494616104868924,3.0,0.033707865168539325
21292,Brisbane,10, ian1,80,-0.00893655303030302,37.0,0.4625
21778,Brisbane,10, spub,69,-0.023348873348873353,33.0,0.4782608695652174
20903,Brisbane,10, auspol,61,0.06867416849998818,19.0,0.3114754098360656
22130,Brisbane,11, bluey,316,0.4996308016877637,0.0,0.0
22730,Brisbane,11, morrisonfires,289,0.43333333333333435,0.0,0.0
23080,Brisbane,11, sportsrorts,284,0.30015404929577516,0.0,0.0
22802,Brisbane,11, obamagate,111,0.18711444128110818,19.0,0.17117117117117117
22911,Brisbane,11, qanda,110,0.17253060638856094,20.0,0.18181818181818182
22257,Brisbane,11, covid19,97,0.007797553963791109,47.0,0.4845360824742268
22062,Brisbane,11, asmsg,88,0.1368558051796688,28.0,0.3181818181818182
22543,Brisbane,11, iartg,82,0.1268816549304354,28.0,0.34146341463414637
22161,Brisbane,11, btsarmy,71,0.4606807511737084,0.0,0.0
22614,Brisbane,11, kindle,70,0.13987738452024162,18.0,0.2571428571428571
24478,Brisbane,12, standwithhongkong,157,-0.22500000000000064,157.0,1.0
23415,Brisbane,12, auspol,118,0.17096509893120068,14.0,0.11864406779661017
24203,Brisbane,12, obamagate,110,0.44791731711049915,10.0,0.09090909090909091
23484,Brisbane,12, bluey,95,0.35592105263157897,0.0,0.0
24123,Brisbane,12, morrisonfires,85,0.433333333333333,0.0,0.0
24083,Brisbane,12, masterchefau,84,0.08312467253315464,24.0,0.2857142857142857
23619,Brisbane,12, covid19,74,0.2566551129051129,16.0,0.21621621621621623
23479,Brisbane,12, blog,68,-0.03940805109922757,44.0,0.6470588235294118
23741,Brisbane,12, exclusive,65,0.23389957264957262,2.0,0.03076923076923077
23405,Brisbane,12, asmsg,58,0.12402344781655132,19.0,0.3275862068965517
25639,Brisbane,13, qt,308,0.16666666666666605,0.0,0.0
24832,Brisbane,13, auspol,246,0.03139598657891345,139.0,0.5650406504065041
25082,Brisbane,13, dos,72,-0.5,72.0,1.0
25000,Brisbane,13, covid19,68,0.19604238286223594,5.0,0.07352941176470588
25096,Brisbane,13, ebook,54,0.017397186147186144,20.0,0.37037037037037035
24880,Brisbane,13, blog,53,-0.06332904516866779,34.0,0.6415094339622641
24884,Brisbane,13, bluey,50,0.49415476190476165,1.0,0.02
25422,Brisbane,13, masterchefau,48,0.15802941211469862,7.0,0.14583333333333334
25962,Brisbane,13, uq,48,0.2451737426346801,13.0,0.2708333333333333
25464,Brisbane,13, morrison,47,-0.10159574468085107,44.0,0.9361702127659575
26167,Brisbane,14, auspol,340,-0.07952447797300727,273.0,0.8029411764705883
26158,Brisbane,14, asmsg,126,-0.0281420497491926,70.0,0.5555555555555556
26622,Brisbane,14, iartg,107,-0.03707225796010844,63.0,0.5887850467289719
26697,Brisbane,14, kindle,93,-0.008193222548061253,41.0,0.44086021505376344
26762,Brisbane,14, masterchefau,91,0.15479700854700848,29.0,0.31868131868131866
26621,Brisbane,14, ian1,88,-0.07620166765053128,51.0,0.5795454545454546
27137,Brisbane,14, spub,79,-0.10029727656309934,51.0,0.6455696202531646
26337,Brisbane,14, covid19,76,0.15981893654591034,7.0,0.09210526315789473
26214,Brisbane,14, blog,67,0.06045228403437353,33.0,0.4925373134328358
26624,Brisbane,14, ibooks,61,0.24794727130792704,14.0,0.22950819672131148
27499,Brisbane,15, auspol,217,0.03519334640014359,137.0,0.631336405529954
27488,Brisbane,15, asmsg,104,0.03430069930069929,50.0,0.4807692307692308
27957,Brisbane,15, iartg,91,0.02518981018981017,46.0,0.5054945054945055
27956,Brisbane,15, ian1,80,-0.024215909090909128,43.0,0.5375
27686,Brisbane,15, covid2019,78,-0.0625,78.0,1.0
27832,Brisbane,15, flu,76,-0.05833333333333328,76.0,1.0
28028,Brisbane,15, kindle,69,0.09095081247255164,21.0,0.30434782608695654
28382,Brisbane,15, rubyprincess,69,0.22155797101449293,13.0,0.18840579710144928
28461,Brisbane,15, spub,61,-0.03435171385991058,34.0,0.5573770491803278
27680,Brisbane,15, covid19,52,0.14666885198135202,12.0,0.23076923076923078
28783,Canberra,01, covid19,126,0.11014675525092195,56.0,0.4444444444444444
28900,Canberra,01, live,85,0.06700534759358297,0.0,0.0
28730,Canberra,01, auspol,68,0.1659146613190731,11.0,0.16176470588235295
28756,Canberra,01, canberra,51,-0.17133811858076572,34.0,0.6666666666666666
28780,Canberra,01, coronavirus,47,0.24737982663514585,8.0,0.1702127659574468
28790,Canberra,01, covidsafe,41,0.0454545454545455,0.0,0.0
28760,Canberra,01, cats,33,0.5,0.0,0.0
28761,Canberra,01, catsontwitter,33,0.5,0.0,0.0
28922,Canberra,01, meow,33,0.5,0.0,0.0
29031,Canberra,01, sexy,33,0.5,0.0,0.0
29148,Canberra,02, asteroid2020,206,0.20000000000000023,0.0,0.0
29388,Canberra,02, sarscov2,77,0.06666666666666668,0.0,0.0
29202,Canberra,02, covid19,69,0.1167462670180062,24.0,0.34782608695652173
29151,Canberra,02, auspol,63,0.22130279195011338,15.0,0.23809523809523808
29209,Canberra,02, covidsafe,43,0.014561310782241004,2.0,0.046511627906976744
29217,Canberra,02, dailyglobalsermon,38,0.23495574874686723,5.0,0.13157894736842105
29274,Canberra,02, insiders,35,-0.08880208333333334,16.0,0.45714285714285713
29345,Canberra,02, onthisday,26,-0.10144230769230768,17.0,0.6538461538461539
29358,Canberra,02, piano,19,0.11458333333333331,0.0,0.0
29434,Canberra,02, trump,19,0.11458333333333331,0.0,0.0
29502,Canberra,03, bennelong,197,-0.050000000000000024,197.0,1.0
29547,Canberra,03, covid__19,101,-0.050495049504950484,97.0,0.9603960396039604
29488,Canberra,03, auspol,72,0.1694032337261503,7.0,0.09722222222222222
29541,Canberra,03, covid19,70,-0.017905844155844192,45.0,0.6428571428571429
29608,Canberra,03, hongkong,34,-0.25,34.0,1.0
29692,Canberra,03, oculus,34,0.2000000000000001,0.0,0.0
29815,Canberra,03, vr,34,0.2000000000000001,0.0,0.0
29617,Canberra,03, insiders,31,-0.13967573924731186,21.0,0.6774193548387096
29741,Canberra,03, sarscov2,31,-0.16854838709677417,25.0,0.8064516129032258
29513,Canberra,03, canberra,26,0.4321901709401708,3.0,0.11538461538461539
29868,Canberra,04, auspol,169,0.03798555077401235,74.0,0.4378698224852071
30131,Canberra,04, sarscov2,149,0.07751677852348994,6.0,0.040268456375838924
30139,Canberra,04, shehnaazgill,89,-0.1753433208489388,53.0,0.5955056179775281
30069,Canberra,04, nuclear,58,0.3395833333333335,0.0,0.0
30092,Canberra,04, physics,58,0.3395833333333335,0.0,0.0
30182,Canberra,04, threejs,58,0.3395833333333335,0.0,0.0
29919,Canberra,04, covid19,55,0.00042279942279942423,40.0,0.7272727272727273
29917,Canberra,04, coronavirus,37,-0.13605651105651098,20.0,0.5405405405405406
29874,Canberra,04, australianstory,35,-0.08488095238095243,34.0,0.9714285714285714
29897,Canberra,04, canberra,32,0.16228918650793656,7.0,0.21875
30307,Canberra,05, covid19,142,0.1452570473345119,52.0,0.36619718309859156
30249,Canberra,05, auspol,137,0.04951338199513392,51.0,0.3722627737226277
30452,Canberra,05, loyalwingman,74,0.3500000000000004,0.0,0.0
30446,Canberra,05, live,69,0.06818181818181826,0.0,0.0
30304,Canberra,05, coronavirus,68,-0.05279448900772435,42.0,0.6176470588235294
30289,Canberra,05, cats,61,0.37581967213114753,0.0,0.0
30290,Canberra,05, catsontwitter,60,0.375,0.0,0.0
30434,Canberra,05, kitty,60,0.375,0.0,0.0
30467,Canberra,05, money,60,0.375,0.0,0.0
30557,Canberra,05, sarscov2,44,0.11354338842975203,0.0,0.0
30680,Canberra,06, auspol,141,0.05947554956863468,37.0,0.2624113475177305
30727,Canberra,06, covid19,132,0.09269291945428315,54.0,0.4090909090909091
30765,Canberra,06, edenmonaro,119,0.3813383307868593,4.0,0.03361344537815126
30891,Canberra,06, nswpol,112,0.38810622970779135,3.0,0.026785714285714284
30704,Canberra,06, canberra,50,0.1525757575757576,12.0,0.24
30724,Canberra,06, coronavirus,36,-0.18665123456790128,30.0,0.8333333333333334
30850,Canberra,06, masterchefau,27,0.06835788439955107,10.0,0.37037037037037035
31044,Canberra,06, weareraiders,25,0.09659090909090912,0.0,0.0
30897,Canberra,06, onthisday,21,0.17592592592592596,1.0,0.047619047619047616
30675,Canberra,06, arcticconvoys,20,0.13333333333333333,0.0,0.0
31173,Canberra,07, covid19,168,0.296546105184498,24.0,0.14285714285714285
31109,Canberra,07, auspol,153,-0.041058177479746126,70.0,0.45751633986928103
31076,Canberra,07, abuse,151,-0.21307947019867549,100.0,0.6622516556291391
31217,Canberra,07, dss43,133,0.1200203792309054,1.0,0.007518796992481203
31396,Canberra,07, pell,83,-0.18265060240963849,52.0,0.6265060240963856
31438,Canberra,07, religion,83,-0.17398164084911066,52.0,0.6265060240963856
31147,Canberra,07, cathywilcox1,67,-0.22014925373134328,42.0,0.6268656716417911
31490,Canberra,07, thedrum,48,0.014351851851851853,24.0,0.5
31171,Canberra,07, coronavirus,38,-0.030920103288524365,15.0,0.39473684210526316
31464,Canberra,07, shehnaazians,38,0.1625,0.0,0.0
31579,Canberra,08, auspol,804,0.052861583810744954,32.0,0.03980099502487562
31646,Canberra,08, coronavirus,127,0.21604011146333962,17.0,0.13385826771653545
31650,Canberra,08, covid19,119,0.048984644362795635,57.0,0.4789915966386555
31614,Canberra,08, canberra,46,0.13035929951690814,3.0,0.06521739130434782
31786,Canberra,08, kehgayisorryteaserout,38,0.29473684210526313,1.0,0.02631578947368421
31938,Canberra,08, shehnaazgill,37,0.1666666666666667,0.0,0.0
31609,Canberra,08, breaking,21,0.016666666666666666,0.0,0.0
31707,Canberra,08, fiji,21,0.4809523809523809,0.0,0.0
31621,Canberra,08, cats,20,-0.05208333333333335,20.0,1.0
31622,Canberra,08, catsoftwitter,20,-0.05208333333333335,20.0,1.0
32045,Canberra,09, auspol,171,0.05291226804384707,23.0,0.13450292397660818
32112,Canberra,09, covid19,105,-0.10287786596119923,61.0,0.580952380952381
32115,Canberra,09, covid_19,70,0.11839285714285697,3.0,0.04285714285714286
32108,Canberra,09, coronavirus,55,-0.24882657746294104,38.0,0.6909090909090909
32076,Canberra,09, canberra,46,0.2194014419557898,9.0,0.1956521739130435
32083,Canberra,09, cats,38,0.13678728070175442,25.0,0.6578947368421053
32239,Canberra,09, meow,38,0.13678728070175442,25.0,0.6578947368421053
32199,Canberra,09, insiders,30,0.00841269841269842,17.0,0.5666666666666667
32084,Canberra,09, catsoftwitter,25,-0.05208333333333333,25.0,1.0
32048,Canberra,09, australia,23,0.3636418533157664,1.0,0.043478260869565216
32606,Canberra,10, mothersday,132,0.4300666636604135,0.0,0.0
32494,Canberra,10, covid19,98,-0.01238082354153782,56.0,0.5714285714285714
32441,Canberra,10, auspol,63,0.10373763141620286,11.0,0.1746031746031746
32496,Canberra,10, covid_19,47,0.12553191489361698,0.0,0.0
32595,Canberra,10, masterchefau,31,0.026490815412186394,15.0,0.4838709677419355
32570,Canberra,10, insiders,24,0.19331183862433862,6.0,0.25
32681,Canberra,10, shehnaazians,24,0.15607638888888895,0.0,0.0
32468,Canberra,10, canberra,23,0.06967082836648052,12.0,0.5217391304347826
32551,Canberra,10, happymothersday,22,0.3176136363636364,0.0,0.0
32680,Canberra,10, shehnaazgill,22,0.5,0.0,0.0
32779,Canberra,11, auspol,130,0.0792521367521368,42.0,0.3230769230769231
32841,Canberra,11, covid19,111,-0.10337126087126088,71.0,0.6396396396396397
33065,Canberra,11, qanda,98,0.2519693718035553,16.0,0.16326530612244897
33003,Canberra,11, mrt,52,0.033333333333333375,0.0,0.0
32838,Canberra,11, coronavirus,51,-0.1854529185411538,36.0,0.7058823529411765
32802,Canberra,11, breaking,32,-0.0777777777777778,32.0,1.0
32842,Canberra,11, covid19aus,31,0.03333333333333333,0.0,0.0
33028,Canberra,11, nzpol,31,0.1363636363636363,0.0,0.0
33001,Canberra,11, mothersday,28,0.30416666666666675,0.0,0.0
32809,Canberra,11, cats,27,0.05000000000000002,0.0,0.0
33228,Canberra,12, auspol,343,0.11222567722203289,57.0,0.1661807580174927
33412,Canberra,12, internationalnursesday,208,0.5054153311965806,14.0,0.0673076923076923
33290,Canberra,12, covid19,110,0.03739059425423062,45.0,0.4090909090909091
33320,Canberra,12, deadly,60,0.6388888888888887,0.0,0.0
33287,Canberra,12, coronavirus,42,0.03108293822579535,16.0,0.38095238095238093
33496,Canberra,12, nzpol,36,0.13636363636363635,0.0,0.0
33464,Canberra,12, mrt,33,0.03333333333333333,0.0,0.0
33303,Canberra,12, crispr,29,0.0037356321839080346,17.0,0.5862068965517241
33248,Canberra,12, breaking,28,0.342857142857143,0.0,0.0
33259,Canberra,12, canberra,28,0.1012333152958153,9.0,0.32142857142857145
33744,Canberra,13, covid19,141,0.1930301623120774,20.0,0.14184397163120568
33684,Canberra,13, auspol,112,0.11118148964131111,26.0,0.23214285714285715
33993,Canberra,13, shehnaazgiil,49,-0.18261183261183253,46.0,0.9387755102040817
33896,Canberra,13, myallcreek,45,0.18629629629629638,0.0,0.0
33955,Canberra,13, qt,44,0.04655934343434345,4.0,0.09090909090909091
34032,Canberra,13, thedrum,35,0.0596893359616574,8.0,0.22857142857142856
33750,Canberra,13, covidisation,30,0.23222222222222216,4.0,0.13333333333333333
33834,Canberra,13, indigenousstemawards,26,-0.005897435897435894,11.0,0.4230769230769231
33919,Canberra,13, otd,24,0.375,0.0,0.0
33668,Canberra,13, anzdfhack,22,0.6859504132231404,0.0,0.0
34096,Canberra,14, adani,411,-0.20000000000000154,411.0,1.0
34295,Canberra,14, kashmir,95,-0.14519493177387935,93.0,0.9789473684210527
34331,Canberra,14, modi,94,-0.1470744680851066,93.0,0.9893617021276596
34122,Canberra,14, auspol,89,0.012536075036075041,31.0,0.34831460674157305
34176,Canberra,14, covid19,85,-0.010447918258212362,43.0,0.5058823529411764
34212,Canberra,14, dss43,38,0.09330143540669864,0.0,0.0
34147,Canberra,14, cats,37,0.5,0.0,0.0
34148,Canberra,14, catsoftwitter,37,0.5,0.0,0.0
34451,Canberra,14, sexy,37,0.5,0.0,0.0
34170,Canberra,14, coronavirus,35,-0.06336580086580083,16.0,0.45714285714285713
34551,Canberra,15, adani,133,-0.19999999999999954,133.0,1.0
34584,Canberra,15, auspol,68,0.11991932189542484,8.0,0.11764705882352941
34641,Canberra,15, covid19,52,0.09637723387723386,18.0,0.34615384615384615
34688,Canberra,15, globalfridayservice,44,0.17257305194805195,12.0,0.2727272727272727
34619,Canberra,15, canberra,33,0.18257575757575756,12.0,0.36363636363636365
34704,Canberra,15, hydroxychloroquine,33,-0.1835858585858586,28.0,0.8484848484848485
34794,Canberra,15, otd,28,0.16160714285714287,0.0,0.0
34929,Canberra,15, worldbeeday,24,0.028929924242424247,8.0,0.3333333333333333
34621,Canberra,15, cats,23,0.4945652173913043,0.0,0.0
34622,Canberra,15, catsoftwitter,22,0.5,0.0,0.0
34963,Canberra,30, canberra,24,-0.15729797979797974,17.0,0.7083333333333334
34951,Canberra,30, auspol,15,0.11003968253968256,3.0,0.2
34998,Canberra,30, mayday,14,0.45833333333333337,1.0,0.07142857142857142
34973,Canberra,30, covid19,10,-0.0032727272727272765,5.0,0.5
34971,Canberra,30, coronavirus,7,0.16428571428571428,1.0,0.14285714285714285
34974,Canberra,30, covid__19,6,0.04305555555555556,1.0,0.16666666666666666
34989,Canberra,30, horseracing,6,0.25,0.0,0.0
35006,Canberra,30, nss2020,6,0.5666666666666665,0.0,0.0
35024,Canberra,30, rubyprincess,6,0.3,0.0,0.0
34972,Canberra,30, covid,3,0.5,0.0,0.0
35231,Melbourne,03, auspol,617,0.2005487571360765,229.0,0.3711507293354943
37077,Melbourne,03, springst,375,0.36640000000000245,24.0,0.064
35559,Melbourne,03, coronameme,327,0.5,0.0,0.0
36393,Melbourne,03, masterchefau,314,0.08515816020216772,133.0,0.42356687898089174
37442,Melbourne,03, wayv,285,-0.036170808966861256,232.0,0.8140350877192982
37444,Melbourne,03, wayv_beyondlive,285,-0.038276072124756,232.0,0.8140350877192982
35572,Melbourne,03, covid19,201,0.11914871888752475,80.0,0.39800995024875624
35571,Melbourne,03, covid,180,-0.06648611111111116,171.0,0.95
36311,Melbourne,03, lnpfail,169,-0.07433925049309671,167.0,0.9881656804733728
36137,Melbourne,03, insiders,129,0.09995805228363344,23.0,0.17829457364341086
39630,Melbourne,04, midnightsun,785,0.052147475666583815,3.0,0.003821656050955414
39550,Melbourne,04, maythefourthbewithyou,708,0.43720547637391055,266.0,0.3757062146892655
40224,Melbourne,04, rey,419,0.7877684964200539,1.0,0.002386634844868735
37989,Melbourne,04, bensolo,418,0.7925196514012365,2.0,0.004784688995215311
38335,Melbourne,04, covid19,394,0.12585442441089664,93.0,0.23604060913705585
40121,Melbourne,04, qanda,383,0.15958959743718257,74.0,0.19321148825065274
39545,Melbourne,04, maythe4th,303,0.38380571911357736,11.0,0.036303630363036306
39522,Melbourne,04, masterchefau,206,0.1728037136137864,52.0,0.2524271844660194
40499,Melbourne,04, starwarsdobetter,190,-0.05,190.0,1.0
40497,Melbourne,04, starwarsday,186,0.32696696224921995,18.0,0.0967741935483871
43295,Melbourne,05, namgi,781,0.4979726845924029,1.0,0.0012804097311139564
41851,Melbourne,05, covid19,311,0.15773657084549375,80.0,0.2572347266881029
44212,Melbourne,05, thebool,291,0.1367594726928921,16.0,0.054982817869415807
43062,Melbourne,05, masterchefau,259,0.08419110624467757,126.0,0.4864864864864865
41210,Melbourne,05, abcpressclub,186,-0.22620967741935563,186.0,1.0
41204,Melbourne,05, 9yearsfor100percentlove,159,0.22051013277428388,36.0,0.22641509433962265
44040,Melbourne,05, starwars,142,0.44968189820742616,1.0,0.007042253521126761
41415,Melbourne,05, auspol,112,0.14749330035044322,37.0,0.33035714285714285
41414,Melbourne,05, auspoi,100,0.13374999999999992,0.0,0.0
41831,Melbourne,05, coronavirus,96,0.06660642887205388,45.0,0.46875
44955,Melbourne,06, auspol,491,-0.08935286669184304,315.0,0.6415478615071283
44724,Melbourne,06, 9yearsfor100percentlove,466,-0.004738912732475107,250.0,0.5364806866952789
45423,Melbourne,06, covid19,349,0.15614592184121204,85.0,0.24355300859598855
46440,Melbourne,06, leon,278,0.2000000000000009,0.0,0.0
47045,Melbourne,06, pokemon,278,0.2000000000000009,0.0,0.0
47047,Melbourne,06, pokemonswordandshield,278,0.2000000000000009,0.0,0.0
47157,Melbourne,06, raihan,278,0.2000000000000009,0.0,0.0
44716,Melbourne,06, 8yearswithrosé,273,0.1617384599527452,4.0,0.014652014652014652
47703,Melbourne,06, thedrum,244,0.04119080145719494,11.0,0.045081967213114756
46737,Melbourne,06, namgi,208,0.49383012820512817,0.0,0.0
50621,Melbourne,07, pell,1408,0.027695377514491474,747.0,0.5305397727272727
48478,Melbourne,07, auspol,501,-0.01320250192256168,159.0,0.31736526946107785
51069,Melbourne,07, simba,469,-0.23333333333333406,469.0,1.0
48975,Melbourne,07, covid19,380,0.08010733430799233,125.0,0.32894736842105265
48264,Melbourne,07, acnh,332,0.3503360539226212,16.0,0.04819277108433735
50177,Melbourne,07, masterchefau,188,0.084070156904266,74.0,0.39361702127659576
49390,Melbourne,07, fixedit,182,0.2999999999999991,0.0,0.0
50371,Melbourne,07, mvaw,182,0.2999999999999991,0.0,0.0
50462,Melbourne,07, nintendoswitch,165,0.32527777777777706,12.0,0.07272727272727272
48383,Melbourne,07, animalcrossing,145,0.36517311066960007,13.0,0.0896551724137931
53515,Melbourne,08, pell,517,0.01913377697952158,350.0,0.6769825918762089
52004,Melbourne,08, auspol,401,0.08700539716125792,105.0,0.26184538653366585
52324,Melbourne,08, covid19,325,0.09652085137085156,92.0,0.28307692307692306
53997,Melbourne,08, stuckwithu,318,0.33277388046145384,27.0,0.08490566037735849
52510,Melbourne,08, dv,149,-0.1134259259259258,149.0,1.0
51871,Melbourne,08, acnh,148,0.32945905422467986,6.0,0.04054054054054054
52327,Melbourne,08, covid19aus,103,0.09475828412418222,48.0,0.46601941747572817
52163,Melbourne,08, brendanmurphy,91,-0.1831240188383047,89.0,0.978021978021978
52616,Melbourne,08, fear,70,-0.23333333333333295,70.0,1.0
53940,Melbourne,08, sportsrorts,65,-0.14974358974358973,62.0,0.9538461538461539
55472,Melbourne,10, obamagate,940,0.1071681864235062,2.0,0.002127659574468085
55381,Melbourne,10, mothersday,224,0.2520075757575752,10.0,0.044642857142857144
54570,Melbourne,10, auspol,207,0.01844120553359683,118.0,0.5700483091787439
55199,Melbourne,10, kissesdelavin,188,0.14934719535783386,0.0,0.0
55198,Melbourne,10, kissables,167,0.1375476320087101,0.0,0.0
55308,Melbourne,10, masterchefau,151,0.054755800789534216,57.0,0.37748344370860926
54779,Melbourne,10, covid19,137,0.0915439588797253,26.0,0.1897810218978102
55453,Melbourne,10, nintendoswitch,112,0.3511538938492057,4.0,0.03571428571428571
55374,Melbourne,10, mother,109,0.24002293577981695,0.0,0.0
55454,Melbourne,10, nintendoswitchlite,78,0.3961538461538456,0.0,0.0
58208,Melbourne,11, obamagate,4238,-0.19635087690125153,3413.0,0.8053327041057102
58499,Melbourne,11, qanda,1233,0.18374383931941643,271.0,0.2197891321978913
58978,Melbourne,11, supergirl,415,0.2874972617743686,1.0,0.0024096385542168677
56801,Melbourne,11, covid19,360,0.15216689004796655,91.0,0.25277777777777777
56653,Melbourne,11, ccp,341,-0.13655099380905836,331.0,0.9706744868035191
59008,Melbourne,11, taiwan,319,-0.1206896551724138,314.0,0.9843260188087775
58139,Melbourne,11, newzealand,316,-0.12288460155350978,314.0,0.9936708860759493
56358,Melbourne,11, auspol,295,0.06645422190019643,122.0,0.4135593220338983
57504,Melbourne,11, hongkongprotests,270,0.10000000000000042,0.0,0.0
59071,Melbourne,11, thailand,270,0.10000000000000042,0.0,0.0
60089,Melbourne,12, ccp,978,-0.0010325326372101697,514.0,0.5255623721881391
62488,Melbourne,12, taiwan,965,-0.0028696289318047214,512.0,0.5305699481865285
61584,Melbourne,12, newzealand,812,-0.050393093496541454,512.0,0.6305418719211823
61659,Melbourne,12, obamagate,544,-0.09539169183298324,355.0,0.6525735294117647
61363,Melbourne,12, masterchefau,457,0.09849239810279874,165.0,0.3610503282275711
61046,Melbourne,12, internationalnursesday,430,0.3482065526527736,19.0,0.044186046511627906
60795,Melbourne,12, goodguys,412,0.14991016265287965,0.0,0.0
60235,Melbourne,12, covid19,362,0.16691847668841792,99.0,0.27348066298342544
60567,Melbourne,12, f1,297,0.24049355993800445,4.0,0.013468013468013467
59691,Melbourne,12, alanjones,287,-0.2733229950177925,172.0,0.5993031358885017
63337,Melbourne,13, australia,843,-0.032844413176560644,719.0,0.8529062870699882
63902,Melbourne,13, domesticviolence,699,-0.08136027658559751,699.0,1.0
63230,Melbourne,13, angusgate,350,-0.2428664965986394,347.0,0.9914285714285714
63733,Melbourne,13, covid19,333,0.03797092185981075,126.0,0.3783783783783784
63591,Melbourne,13, ccp,258,0.05208871662360032,118.0,0.4573643410852713
65868,Melbourne,13, taiwan,246,0.04904019873532067,117.0,0.47560975609756095
63328,Melbourne,13, auspol,185,-0.054504758004757896,104.0,0.5621621621621622
64787,Melbourne,13, masterchefau,166,0.14613804235980435,45.0,0.2710843373493976
65021,Melbourne,13, nintendoswitch,162,0.3801242069615905,4.0,0.024691358024691357
65009,Melbourne,13, newzealand,146,-0.07935692541856927,113.0,0.773972602739726
69259,Melbourne,14, survivor,502,0.23105413093896604,37.0,0.07370517928286853
68198,Melbourne,14, masterchefau,472,0.18299864818735342,106.0,0.2245762711864407
66943,Melbourne,14, china,467,-0.14919882713646082,448.0,0.9593147751605996
66868,Melbourne,14, canada,448,-0.16619423870400454,448.0,1.0
66869,Melbourne,14, canadians,447,-0.16619318181818202,447.0,1.0
67789,Melbourne,14, huawei,447,-0.16619318181818202,447.0,1.0
67054,Melbourne,14, covid19,421,0.09204343978468096,189.0,0.4489311163895487
67372,Melbourne,14, f1,154,0.15661648957103524,4.0,0.025974025974025976
66629,Melbourne,14, auspol,147,0.04038251399645958,68.0,0.46258503401360546
69261,Melbourne,14, survivor40,144,0.22163262085137073,10.0,0.06944444444444445
70476,Melbourne,15, covid19,342,0.09310347628330087,103.0,0.30116959064327486
70654,Melbourne,15, doublestandards,262,-0.33088422391857447,261.0,0.9961832061068703
71016,Melbourne,15, gotaylah,261,-0.33333333333333276,261.0,1.0
70368,Melbourne,15, china,123,-0.1452154163587092,117.0,0.9512195121951219
71176,Melbourne,15, huawei,114,-0.16449168217260335,113.0,0.9912280701754386
70310,Melbourne,15, canada,113,-0.16619318181818196,113.0,1.0
70311,Melbourne,15, canadians,113,-0.16619318181818196,113.0,1.0
72246,Melbourne,15, sbseurovision,94,0.1275969983523175,22.0,0.23404255319148937
70701,Melbourne,15, elephant,90,0.5,0.0,0.0
71766,Melbourne,15, nintendoswitch,85,0.3191224128540303,8.0,0.09411764705882353
73654,Perth,01, universalrepentance,78,0.23881993006993016,3.0,0.038461538461538464
73231,Perth,01, covid19,72,-0.06175742210464431,56.0,0.7777777777777778
73484,Perth,01, perth,61,0.15791935750952144,8.0,0.13114754098360656
73553,Perth,01, sarscov2,31,0.2466129032258063,0.0,0.0
73430,Perth,01, meghanmarkle,25,0.09013468013468018,10.0,0.4
73358,Perth,01, homeless,21,0.1892857142857142,0.0,0.0
73230,Perth,01, covid,17,0.14411764705882354,0.0,0.0
73695,Perth,01, writingcommunity,13,0.1980769230769231,0.0,0.0
73160,Perth,01, auspol,11,0.0951790633608815,1.0,0.09090909090909091
73292,Perth,01, fanartfriday,11,0.5775482093663912,0.0,0.0
73868,Perth,02, covid19,511,-0.03228719376224258,284.0,0.5557729941291585
73752,Perth,02, auspol,51,0.07745101575983926,5.0,0.09803921568627451
73895,Perth,02, dailyglobalsermon,42,0.024864804507661657,14.0,0.3333333333333333
74222,Perth,02, perth,42,0.289594499415928,3.0,0.07142857142857142
73857,Perth,02, coronavirus,39,0.09361148111148118,8.0,0.20512820512820512
74081,Perth,02, jobseeker,34,0.025000000000000012,0.0,0.0
74258,Perth,02, primarystemchat,34,-0.26225490196078444,30.0,0.8823529411764706
74367,Perth,02, stem,34,-0.26225490196078444,30.0,0.8823529411764706
73873,Perth,02, covid__19,29,-0.08098018360949395,23.0,0.7931034482758621
73712,Perth,02, acnh,27,0.0877395816631928,7.0,0.25925925925925924
74672,Perth,03, covid19,263,0.0014342490174239417,161.0,0.6121673003802282
74554,Perth,03, australia,53,0.6033404802744422,4.0,0.07547169811320754
75154,Perth,03, sarscov2,49,0.14973252937538648,3.0,0.061224489795918366
74727,Perth,03, dolphins,44,0.6999999999999995,0.0,0.0
74754,Perth,03, esperance,44,0.6999999999999995,0.0,0.0
74883,Perth,03, internationaldroneday,44,0.6999999999999995,0.0,0.0
75329,Perth,03, whales,44,0.6999999999999995,0.0,0.0
74508,Perth,03, academicchatter,43,0.16666666666666677,0.0,0.0
74509,Perth,03, academictwitter,43,0.16666666666666677,0.0,0.0
74588,Perth,03, bidenbros,42,-0.08730158730158726,40.0,0.9523809523809523
75563,Perth,04, covid19,134,0.007624844751710414,62.0,0.4626865671641791
75726,Perth,04, generalflynn,66,-0.1975378787878786,66.0,1.0
75908,Perth,04, maythe4thbewithyou,41,0.32283813747228385,3.0,0.07317073170731707
76169,Perth,04, shark,34,-0.029578877005347587,15.0,0.4411764705882353
76009,Perth,04, perth,33,0.11409818786712725,8.0,0.24242424242424243
76051,Perth,04, preparationofthechurch,33,0.2537147995102541,2.0,0.06060606060606061
75559,Perth,04, coronavirus,26,0.0197047397047397,17.0,0.6538461538461539
75907,Perth,04, maythe4th,26,0.21768075674325674,2.0,0.07692307692307693
76210,Perth,04, starwarsday,26,0.30657496438746445,4.0,0.15384615384615385
75445,Perth,04, australia,24,-0.1220486111111111,15.0,0.625
76559,Perth,05, covid19,247,0.10123830695376723,80.0,0.32388663967611336
76795,Perth,05, jobseeker,138,-0.23061594202898558,130.0,0.9420289855072463
76515,Perth,05, cashlessdebitcard,76,0.4506578947368421,0.0,0.0
76951,Perth,05, perth,63,0.1069023569023569,13.0,0.20634920634920634
76595,Perth,05, demolitionman,43,0.2111111111111111,0.0,0.0
76714,Perth,05, greyhounds,26,0.07912087912087915,4.0,0.15384615384615385
76532,Perth,05, claremont,24,0.1342013888888889,10.0,0.4166666666666667
76709,Perth,05, gold,23,0.13675724637681158,1.0,0.043478260869565216
76435,Perth,05, auslibchat,22,0.13911845730027547,6.0,0.2727272727272727
76960,Perth,05, perthstorm,22,0.09119769119769115,4.0,0.18181818181818182
77939,Perth,06, pay,327,0.08430937818552503,201.0,0.6146788990825688
77507,Perth,06, covid19,195,0.13897826247826248,40.0,0.20512820512820512
77380,Perth,06, auspol,59,0.2343794657051317,10.0,0.1694915254237288
77478,Perth,06, children,49,0.06136363636363633,15.0,0.30612244897959184
77774,Perth,06, jobseeker,46,0.061413043478260855,6.0,0.13043478260869565
77609,Perth,06, essay,38,-0.037456140350877194,29.0,0.7631578947368421
77382,Perth,06, aussiehearties,36,0.27764804639804636,10.0,0.2777777777777778
78290,Perth,06, worldwidebiblestudy,36,0.11454124579124578,12.0,0.3333333333333333
78066,Perth,06, sarscov2,35,0.1085714285714285,1.0,0.02857142857142857
77695,Perth,06, gold,33,0.3277146464646464,0.0,0.0
78532,Perth,07, covid19,197,0.017515421925320435,92.0,0.467005076142132
78329,Perth,07, 8music,114,0.33333333333333326,0.0,0.0
79167,Perth,07, the8_falling_down,114,0.33333333333333326,0.0,0.0
78993,Perth,07, primarystemchat,94,0.2872700120505971,10.0,0.10638297872340426
78497,Perth,07, children,84,-0.041964285714285676,70.0,0.8333333333333334
78405,Perth,07, auspol,69,0.13319185645272608,15.0,0.21739130434782608
78701,Perth,07, globalbibleseries,57,0.14314526847421574,14.0,0.24561403508771928
78954,Perth,07, perth,45,0.07763916947250281,20.0,0.4444444444444444
78955,Perth,07, perthnews,34,0.10801767676767675,5.0,0.14705882352941177
78785,Perth,07, jobseeker,29,0.04568965517241374,3.0,0.10344827586206896
79640,Perth,08, mewsuppasit,61,0.5,0.0,0.0
79425,Perth,08, covid19,55,0.11278318903318908,23.0,0.41818181818181815
79849,Perth,08, top3,31,0.4166666666666665,0.0,0.0
79701,Perth,08, perth,27,0.15075216867751592,8.0,0.2962962962962963
79339,Perth,08, auspol,24,0.058075547138047134,8.0,0.3333333333333333
79584,Perth,08, jobseeker,18,0.02500000000000001,0.0,0.0
79527,Perth,08, globalrepentancecall,17,0.24406639928698753,0.0,0.0
79400,Perth,08, children,15,-0.07,15.0,1.0
79556,Perth,08, iacepa,15,0.23,0.0,0.0
79627,Perth,08, marketing,14,0.29472789115646264,2.0,0.14285714285714285
80377,Perth,09, ntrbirthdaycdp,123,0.06815718157181568,42.0,0.34146341463414637
79978,Perth,09, auspol,60,0.03951388888888889,34.0,0.5666666666666667
80073,Perth,09, covid19,59,0.13313064054589496,9.0,0.15254237288135594
80040,Perth,09, children,40,0.12178977272727272,3.0,0.075
80260,Perth,09, kawasaki,36,0.13636363636363635,0.0,0.0
80111,Perth,09, doctorwho,29,0.050000000000000024,0.0,0.0
80075,Perth,09, covid19aus,28,0.04276824366110081,3.0,0.10714285714285714
79961,Perth,09, art,27,0.06049382716049384,0.0,0.0
80544,Perth,09, thelastdance,27,0.5148148148148148,0.0,0.0
79956,Perth,09, anime,26,0.05000000000000002,0.0,0.0
80813,Perth,10, covid19,236,-0.05709629588866883,198.0,0.8389830508474576
81168,Perth,10, ntrbirthdaycdp,131,0.07875318066157756,19.0,0.1450381679389313
81434,Perth,10, ufc249,54,0.06124493634259259,25.0,0.46296296296296297
81125,Perth,10, mothersday,46,0.42155597120271027,1.0,0.021739130434782608
80703,Perth,10, auspol,38,0.0327189659755449,15.0,0.39473684210526316
81152,Perth,10, nevermylove,37,0.24729729729729727,0.0,0.0
81182,Perth,10, outlander,37,0.24729729729729727,0.0,0.0
81183,Perth,10, outlanderfinale,36,0.25740740740740736,0.0,0.0
81200,Perth,10, perth,35,0.24146464646464644,7.0,0.2
81382,Perth,10, thefrasers,34,0.25,0.0,0.0
81936,Perth,11, jobseeker,114,-0.2355263157894737,108.0,0.9473684210526315
82105,Perth,11, obamagate,80,0.153452380952381,34.0,0.425
82229,Perth,11, sarscov2,63,0.11294552669552657,1.0,0.015873015873015872
82091,Perth,11, newyork,60,0.11553030303030291,0.0,0.0
81698,Perth,11, covid19,59,-0.013593348741653818,29.0,0.4915254237288136
81581,Perth,11, auspol,32,0.07379655934343438,7.0,0.21875
82123,Perth,11, outlanderfinale,31,0.25215053763440864,0.0,0.0
82089,Perth,11, nevermylove,30,0.24333333333333335,0.0,0.0
82122,Perth,11, outlander,30,0.24333333333333335,0.0,0.0
82124,Perth,11, outlanders5,29,0.8999999999999996,0.0,0.0
82673,Perth,12, covid19,131,-0.14643215139398347,91.0,0.6946564885496184
82966,Perth,12, jobseeker,108,0.20169753086419717,1.0,0.009259259259259259
83285,Perth,12, scicomm,57,0.25,0.0,0.0
83286,Perth,12, science,56,0.25,0.0,0.0
82870,Perth,12, genocidejohnson,46,-0.06430027173913039,37.0,0.8043478260869565
83164,Perth,12, perth,41,0.15597476287262876,7.0,0.17073170731707318
82641,Perth,12, climate,32,0.2000000000000001,0.0,0.0
82524,Perth,12, auspol,29,0.1122365900383142,10.0,0.3448275862068966
82486,Perth,12, alanjones,28,0.06184163059163057,0.0,0.0
82877,Perth,12, globalrepentancecall,28,0.1702651515151515,4.0,0.14285714285714285
83778,Perth,13, covid19,425,0.01232203618821255,178.0,0.4188235294117647
84029,Perth,13, kawasaki,331,0.18466080747047614,0.0,0.0
84018,Perth,13, jobseeker,271,0.13861959074136174,0.0,0.0
83705,Perth,13, breaking,266,0.13570953899901253,1.0,0.0037593984962406013
83739,Perth,13, children,120,0.2136363636363638,0.0,0.0
83932,Perth,13, goromajima,58,0.5,0.0,0.0
83654,Perth,13, auspol,56,-0.07974273989898986,32.0,0.5714285714285714
84196,Perth,13, perth,41,0.05482293903025608,19.0,0.4634146341463415
84305,Perth,13, science,36,0.2423611111111111,0.0,0.0
83631,Perth,13, animalcrossing,34,0.4387459150326797,1.0,0.029411764705882353
84784,Perth,14, covid19,202,0.0849901612185027,80.0,0.39603960396039606
85065,Perth,14, kawasaki,176,0.13681744391971712,54.0,0.3068181818181818
84738,Perth,14, children,149,0.1275647171620331,54.0,0.3624161073825503
84629,Perth,14, auspol,109,0.1216269841269841,15.0,0.13761467889908258
85283,Perth,14, primarystemchat,89,0.3170906015410932,3.0,0.033707865168539325
85263,Perth,14, pims,54,-0.024999999999999984,54.0,1.0
84973,Perth,14, goromajima,53,0.5,0.0,0.0
85307,Perth,14, raisetherateforgood,47,-0.08333333333333338,47.0,1.0
85181,Perth,14, mutualobligations,43,0.5,0.0,0.0
84596,Perth,14, airborne,42,0.2750000000000002,0.0,0.0
86030,Perth,15, jonmartin,131,-0.09999999999999977,131.0,1.0
86090,Perth,15, magnuspod,131,-0.09999999999999977,131.0,1.0
86415,Perth,15, tma,131,-0.09999999999999977,131.0,1.0
85809,Perth,15, covid19,102,-0.05094062119797419,61.0,0.5980392156862745
85701,Perth,15, auspol,73,0.14976069402439265,8.0,0.1095890410958904
86202,Perth,15, perthssound,39,0.46046037296037284,0.0,0.0
86040,Perth,15, kawasaki,29,0.09668607254814149,12.0,0.41379310344827586
86077,Perth,15, lockdown,25,0.25,0.0,0.0
85782,Perth,15, children,24,0.05161435786435786,16.0,0.6666666666666666
85680,Perth,15, animalcrossing,23,0.3489583333333333,4.0,0.17391304347826086
87612,Sydney,03, insiders,301,-0.02563878282109173,179.0,0.5946843853820598
87028,Sydney,03, covid19,300,0.08972318563236507,88.0,0.29333333333333333
87892,Sydney,03, masterchefau,260,0.12296479680439645,88.0,0.3384615384615385
87438,Sydney,03, giveusyourmoney,216,0.10000000000000017,0.0,0.0
88373,Sydney,03, ripple,188,-0.11666666666666689,188.0,1.0
87032,Sydney,03, covid19australia,174,0.11049130467233893,4.0,0.022988505747126436
86704,Sydney,03, auspol,159,-0.02574628245618812,86.0,0.5408805031446541
86600,Sydney,03, aldubkalyeseryeangsimula,152,0.29463404605263144,13.0,0.08552631578947369
88060,Sydney,03, nintendoswitch,139,0.47784153359130777,8.0,0.05755395683453238
87019,Sydney,03, coronavirus,136,0.011728597689075623,66.0,0.4852941176470588
92197,Sydney,04, sydney,713,0.6227693320198654,46.0,0.06451612903225806
89343,Sydney,04, australia,681,0.6443168945591924,38.0,0.055800293685756244
89814,Sydney,04, covid19,546,0.1361882000274863,137.0,0.2509157509157509
90473,Sydney,04, happyskyday,342,0.800000000000005,0.0,0.0
91998,Sydney,04, skyday,342,0.800000000000005,0.0,0.0
91649,Sydney,04, qanda,310,0.21901214930902455,83.0,0.267741935483871
91041,Sydney,04, maythe4th,308,0.4584573222367466,26.0,0.08441558441558442
90469,Sydney,04, happy,271,0.5965559655596526,0.0,0.0
92756,Sydney,04, オーストラリア,265,0.599999999999997,0.0,0.0
92757,Sydney,04, シドニー,265,0.599999999999997,0.0,0.0
93556,Sydney,05, covid19,480,0.11626521289281674,138.0,0.2875
93975,Sydney,05, ff7,354,0.18036723163841703,0.0,0.0
93457,Sydney,05, cloud,342,0.17499999999999893,0.0,0.0
96159,Sydney,05, tifa,342,0.17499999999999893,0.0,0.0
93045,Sydney,05, auspol,338,0.11460421433979145,79.0,0.23372781065088757
94861,Sydney,05, masterchefau,208,0.13277087026110476,56.0,0.2692307692307692
93836,Sydney,05, edenmonaro,206,-0.02313546351167721,189.0,0.9174757281553398
94072,Sydney,05, freezenon,183,0.09845173041894346,1.0,0.00546448087431694
95884,Sydney,05, sportsrorts,164,-0.020274390243902374,163.0,0.9939024390243902
94305,Sydney,05, hillsong,156,0.22171474358974344,3.0,0.019230769230769232
99421,Sydney,06, rubyprincess,1015,0.3370648071140644,13.0,0.012807881773399015
97386,Sydney,06, covid19,793,0.13636682709192152,169.0,0.21311475409836064
96881,Sydney,06, auspol,272,0.08462611607142845,72.0,0.2647058823529412
98680,Sydney,06, masterchefau,248,0.1270374916115845,78.0,0.31451612903225806
99178,Sydney,06, potus,204,-0.09214052287581698,201.0,0.9852941176470589
99906,Sydney,06, theflash,132,0.3369187614784197,4.0,0.030303030303030304
97352,Sydney,06, consultant,129,0.19999999999999954,0.0,0.0
99246,Sydney,06, publicservice,129,0.19999999999999954,0.0,0.0
97676,Sydney,06, edenmonaro,120,0.10677302038239535,57.0,0.475
97372,Sydney,06, coronavirus,119,0.1519599875692313,21.0,0.17647058823529413
102897,Sydney,07, pell,823,-0.35493264031994176,696.0,0.8456865127582017
101189,Sydney,07, covid19,551,0.14625605178917336,163.0,0.2958257713248639
101790,Sydney,07, georgepell,490,0.16355618870925023,1.0,0.0020408163265306124
103239,Sydney,07, royalcommission,423,0.15076939608854442,0.0,0.0
102473,Sydney,07, masterchefau,247,0.08492810673731725,84.0,0.340080971659919
100650,Sydney,07, auspol,221,0.05499925319778256,46.0,0.2081447963800905
101171,Sydney,07, coronavirus,142,0.10684412239429857,31.0,0.21830985915492956
103738,Sydney,07, thedrum,125,0.05550714285714292,28.0,0.224
100509,Sydney,07, aldub251stweeksary,119,0.18263623631270673,1.0,0.008403361344537815
101202,Sydney,07, covidsafe,115,0.23023550724637684,3.0,0.02608695652173913
104816,Sydney,08, covid19,299,0.18121930605626246,61.0,0.2040133779264214
106081,Sydney,08, potus,175,0.05122077922077915,63.0,0.36
106238,Sydney,08, ridin1stwin,122,0.1931693989071034,1.0,0.00819672131147541
106021,Sydney,08, pell,118,-0.01619703389830505,25.0,0.211864406779661
104804,Sydney,08, coronavirus,117,0.1612049987049987,16.0,0.13675213675213677
104467,Sydney,08, auspol,108,0.07234627191224417,22.0,0.2037037037037037
106546,Sydney,08, sydney,105,0.14121744657458957,54.0,0.5142857142857142
104624,Sydney,08, breaking,101,0.2513913891389143,1.0,0.009900990099009901
104826,Sydney,08, covid_19,89,0.22898727949640874,15.0,0.16853932584269662
104953,Sydney,08, doctorwho,88,0.25,0.0,0.0
107491,Sydney,10, happymothersday,644,0.49490165631469984,5.0,0.007763975155279503
106978,Sydney,10, 8yrsofgabbarsinghhysteria,254,0.15563147646316958,36.0,0.14173228346456693
107892,Sydney,10, qanon,202,0.13923642364236405,25.0,0.12376237623762376
108183,Sydney,10, vakeelsaab,179,0.09727442017944826,29.0,0.16201117318435754
107048,Sydney,10, auspol,176,0.08900360135445375,7.0,0.03977272727272727
107056,Sydney,10, australia,144,0.0783480639730641,1.0,0.006944444444444444
107133,Sydney,10, brasilurgente,133,0.06818181818181829,0.0,0.0
107786,Sydney,10, obamagate,120,0.1431018518518517,0.0,0.0
106985,Sydney,10, acnh,100,0.8760362215909092,4.0,0.04
107016,Sydney,10, animalcrossing,96,0.9018961588541666,4.0,0.041666666666666664
110515,Sydney,11, obamagate,1603,0.08607395237990109,477.0,0.2975670617592015
110785,Sydney,11, qanda,1002,0.05454148260348278,545.0,0.5439121756487026
110786,Sydney,11, qanon,974,0.16465247962167742,4.0,0.004106776180698152
109446,Sydney,11, ff7,674,0.17523491592482496,0.0,0.0
109447,Sydney,11, ff7r,668,0.17523702594810187,0.0,0.0
110195,Sydney,11, maga,562,0.16605136263499143,3.0,0.005338078291814947
108324,Sydney,11, 8yrsofgabbarsinghhysteria,481,0.21886150401775406,127.0,0.26403326403326405
111803,Sydney,11, wwg1wga,437,0.10014718119409237,2.0,0.004576659038901602
108345,Sydney,11, acnh,359,0.23047546539560088,17.0,0.04735376044568245
108778,Sydney,11, breaking,322,0.23651479860718982,27.0,0.08385093167701864
113140,Sydney,12, ff7,3483,0.17494257823715134,4.0,0.0011484352569623888
113141,Sydney,12, ff7r,3480,0.17494252873563168,4.0,0.0011494252873563218
112527,Sydney,12, challengeaccepted,933,0.05039523043944208,0.0,0.0
113102,Sydney,12, family,933,0.0506430868167197,0.0,0.0
113252,Sydney,12, fun,933,0.050803858520899726,0.0,0.0
114246,Sydney,12, next,931,0.049999999999999455,0.0,0.0
114310,Sydney,12, obamagate,627,0.15484734917288226,150.0,0.23923444976076555
112141,Sydney,12, assange,430,0.1009460887949255,2.0,0.004651162790697674
112413,Sydney,12, breaking,365,0.2552770859277702,15.0,0.0410958904109589
114021,Sydney,12, masterchefau,345,0.0462771096070463,151.0,0.43768115942028984
117058,Sydney,13, ff7,616,0.1746617965367947,1.0,0.0016233766233766235
117059,Sydney,13, ff7r,616,0.1752531694495962,1.0,0.0016233766233766235
116082,Sydney,13, auspol,300,0.07968303872053871,47.0,0.15666666666666668
115848,Sydney,13, abia2020,247,0.17710148039095416,41.0,0.1659919028340081
116631,Sydney,13, covid19,220,0.13006559507411786,54.0,0.24545454545454545
115863,Sydney,13, acnh,196,0.2544932630790406,18.0,0.09183673469387756
117906,Sydney,13, masterchefau,194,0.11719478077644958,64.0,0.32989690721649484
115924,Sydney,13, alanjones,150,0.4371053391053391,5.0,0.03333333333333333
117029,Sydney,13, family,127,0.0654154736339775,1.0,0.007874015748031496
118534,Sydney,13, radio,127,0.4867982411289498,0.0,0.0
121159,Sydney,14, galax,780,0.0999999999999998,0.0,0.0
121946,Sydney,14, masterchefau,403,0.17516561877604064,119.0,0.29528535980148884
119963,Sydney,14, auspol,289,-0.008281159760398546,151.0,0.5224913494809689
120530,Sydney,14, covid19,282,0.1197501665165672,85.0,0.30141843971631205
122504,Sydney,14, potus,242,0.2669817269507341,0.0,0.0
122766,Sydney,14, rubydutton,195,0.27083114593739605,22.0,0.11282051282051282
123141,Sydney,14, survivor,195,0.3192087542087541,17.0,0.08717948717948718
119734,Sydney,14, acnh,143,0.2859376986649715,8.0,0.055944055944055944
122582,Sydney,14, qanon,140,0.4702510822510817,0.0,0.0
120993,Sydney,14, ff7,137,0.17661192214111962,2.0,0.014598540145985401
124013,Sydney,15, assange,533,-0.07450489889514292,508.0,0.9530956848030019
124517,Sydney,15, covid19,515,0.06820432129898174,84.0,0.16310679611650486
124590,Sydney,15, daisies,481,0.22318116849366915,3.0,0.006237006237006237
125051,Sydney,15, fun,367,0.14768392370572114,0.0,0.0
124364,Sydney,15, challenge,357,0.14999999999999908,0.0,0.0
125111,Sydney,15, gettingbetter,357,0.14999999999999908,0.0,0.0
125536,Sydney,15, justsmile,357,0.14999999999999908,0.0,0.0
124044,Sydney,15, auspol,259,-0.054471020266918545,118.0,0.4555984555984556
125554,Sydney,15, keepkiisloud,211,0.1369919574895883,0.0,0.0
123951,Sydney,15, animals,194,0.5,0.0,0.0
